crop_id,crop_name,source_image,xmin,ymin,xmax,ymax,width,height
0,foreign_000000.png,GUOBEI_objdet_CGUF_0000142.jpg,1463,51,1897,771,434,720
1,foreign_000001.png,GUOBEI_objdet_CGUF_0000143.jpg,1489,640,1936,1370,447,730
2,foreign_000002.png,GUOBEI_objdet_CGUF_0000144.jpg,1508,1072,1962,1798,454,726
3,foreign_000003.png,GUOBEI_objdet_CGUF_0000145.jpg,1529,1499,1949,2168,420,669
4,foreign_000004.png,GUOBEI_objdet_CGUF_0000147.jpg,3199,1626,3468,1819,269,193
5,foreign_000005.png,GUOBEI_objdet_CGUF_0000206.jpg,1958,0,2836,385,878,385
6,foreign_000006.png,GUOBEI_objdet_CGUF_0000207.jpg,1085,46,2868,903,1783,857
7,foreign_000007.png,GUOBEI_objdet_CGUF_0000208.jpg,1120,473,2881,1320,1761,847
8,foreign_000008.png,GUOBEI_objdet_CGUF_0000209.jpg,1126,989,2925,1846,1799,857
9,foreign_000009.png,GUOBEI_objdet_CGUF_0000210.jpg,1174,1424,2753,2168,1579,744
10,foreign_000010.png,GUOBEI_objdet_CGUF_0000211.jpg,1198,1932,1621,2168,423,236
11,foreign_000011.png,GUOBEI_objdet_CGUF_0000212.jpg,1332,0,1706,284,374,284
12,foreign_000012.png,GUOBEI_objdet_CGUF_0000213.jpg,1028,0,1635,679,607,679
13,foreign_000013.png,GUOBEI_objdet_CGUF_0000213.jpg,2267,398,2378,573,111,175
14,foreign_000014.png,GUOBEI_objdet_CGUF_0000214.jpg,834,207,1659,1190,825,983
15,foreign_000015.png,GUOBEI_objdet_CGUF_0000214.jpg,715,0,876,144,161,144
16,foreign_000016.png,GUOBEI_objdet_CGUF_0000214.jpg,1867,369,2001,585,134,216
17,foreign_000017.png,GUOBEI_objdet_CGUF_0000214.jpg,2293,922,2405,1092,112,170
18,foreign_000018.png,GUOBEI_objdet_CGUF_0000215.jpg,731,390,894,555,163,165
19,foreign_000019.png,GUOBEI_objdet_CGUF_0000215.jpg,1883,802,2022,1014,139,212
20,foreign_000020.png,GUOBEI_objdet_CGUF_0000215.jpg,886,627,1684,1617,798,990
21,foreign_000021.png,GUOBEI_objdet_CGUF_0000215.jpg,2315,1351,2437,1526,122,175
22,foreign_000022.png,GUOBEI_objdet_CGUF_0000216.jpg,874,1037,1716,2066,842,1029
23,foreign_000023.png,GUOBEI_objdet_CGUF_0000216.jpg,750,792,911,985,161,193
24,foreign_000024.png,GUOBEI_objdet_CGUF_0000216.jpg,1910,1224,2043,1447,133,223
25,foreign_000025.png,GUOBEI_objdet_CGUF_0000216.jpg,2335,1772,2456,1968,121,196
26,foreign_000026.png,GUOBEI_objdet_CGUF_0000217.jpg,1929,1748,2079,1976,150,228
27,foreign_000027.png,GUOBEI_objdet_CGUF_0000217.jpg,770,1315,944,1492,174,177
28,foreign_000028.png,GUOBEI_objdet_CGUF_0000217.jpg,909,1569,1384,2168,475,599
29,foreign_000029.png,GUOBEI_objdet_CGUF_0000218.jpg,780,1762,956,1931,176,169
30,foreign_000030.png,GUOBEI_objdet_CGUF_0000366.jpg,1675,0,1765,546,90,546
31,foreign_000031.png,GUOBEI_objdet_CGUF_0000367.jpg,1682,239,1782,981,100,742
32,foreign_000032.png,GUOBEI_objdet_CGUF_0000368.jpg,1703,667,1804,1404,101,737
33,foreign_000033.png,GUOBEI_objdet_CGUF_0000369.jpg,1726,1107,1826,1850,100,743
34,foreign_000034.png,GUOBEI_objdet_CGUF_0000370.jpg,1746,1531,1846,2168,100,637
35,foreign_000035.png,GUOBEI_objdet_CGUF_0000611.jpg,1463,51,1897,771,434,720
36,foreign_000036.png,GUOBEI_objdet_CGUF_0000612.jpg,1489,640,1936,1370,447,730
37,foreign_000037.png,GUOBEI_objdet_CGUF_0000613.jpg,1508,1072,1962,1798,454,726
38,foreign_000038.png,GUOBEI_objdet_CGUF_0000614.jpg,1529,1499,1949,2168,420,669
39,foreign_000039.png,GUOBEI_objdet_CGUF_0000616.jpg,3199,1626,3468,1819,269,193
40,foreign_000040.png,GUOBEI_objdet_CGUF_0000675.jpg,1958,0,2836,385,878,385
41,foreign_000041.png,GUOBEI_objdet_CGUF_0000676.jpg,1085,46,2868,903,1783,857
42,foreign_000042.png,GUOBEI_objdet_CGUF_0000677.jpg,1120,473,2881,1320,1761,847
43,foreign_000043.png,GUOBEI_objdet_CGUF_0000678.jpg,1126,989,2925,1846,1799,857
44,foreign_000044.png,GUOBEI_objdet_CGUF_0000679.jpg,1174,1424,2753,2168,1579,744
45,foreign_000045.png,GUOBEI_objdet_CGUF_0000680.jpg,1198,1932,1621,2168,423,236
46,foreign_000046.png,GUOBEI_objdet_CGUF_0000681.jpg,1332,0,1706,284,374,284
47,foreign_000047.png,GUOBEI_objdet_CGUF_0000682.jpg,1028,0,1635,679,607,679
48,foreign_000048.png,GUOBEI_objdet_CGUF_0000682.jpg,2267,398,2378,573,111,175
49,foreign_000049.png,GUOBEI_objdet_CGUF_0000683.jpg,834,207,1659,1190,825,983
50,foreign_000050.png,GUOBEI_objdet_CGUF_0000683.jpg,715,0,876,144,161,144
51,foreign_000051.png,GUOBEI_objdet_CGUF_0000683.jpg,1867,369,2001,585,134,216
52,foreign_000052.png,GUOBEI_objdet_CGUF_0000683.jpg,2293,922,2405,1092,112,170
53,foreign_000053.png,GUOBEI_objdet_CGUF_0000684.jpg,731,390,894,555,163,165
54,foreign_000054.png,GUOBEI_objdet_CGUF_0000684.jpg,1883,802,2022,1014,139,212
55,foreign_000055.png,GUOBEI_objdet_CGUF_0000684.jpg,886,627,1684,1617,798,990
56,foreign_000056.png,GUOBEI_objdet_CGUF_0000684.jpg,2315,1351,2437,1526,122,175
57,foreign_000057.png,GUOBEI_objdet_CGUF_0000685.jpg,874,1037,1716,2066,842,1029
58,foreign_000058.png,GUOBEI_objdet_CGUF_0000685.jpg,750,792,911,985,161,193
59,foreign_000059.png,GUOBEI_objdet_CGUF_0000685.jpg,1910,1224,2043,1447,133,223
60,foreign_000060.png,GUOBEI_objdet_CGUF_0000685.jpg,2335,1772,2456,1968,121,196
61,foreign_000061.png,GUOBEI_objdet_CGUF_0000686.jpg,1929,1748,2079,1976,150,228
62,foreign_000062.png,GUOBEI_objdet_CGUF_0000686.jpg,770,1315,944,1492,174,177
63,foreign_000063.png,GUOBEI_objdet_CGUF_0000686.jpg,909,1569,1384,2168,475,599
64,foreign_000064.png,GUOBEI_objdet_CGUF_0000687.jpg,780,1762,956,1931,176,169
65,foreign_000065.png,GUOBEI_objdet_CGUF_0000835.jpg,1675,0,1765,546,90,546
66,foreign_000066.png,GUOBEI_objdet_CGUF_0000836.jpg,1682,239,1782,981,100,742
67,foreign_000067.png,GUOBEI_objdet_CGUF_0000837.jpg,1703,667,1804,1404,101,737
68,foreign_000068.png,GUOBEI_objdet_CGUF_0000838.jpg,1726,1107,1826,1850,100,743
69,foreign_000069.png,GUOBEI_objdet_CGUF_0000839.jpg,1746,1531,1846,2168,100,637
70,foreign_000070.png,GUOBEI_objdet_CGUF_0001080.jpg,1463,51,1897,771,434,720
71,foreign_000071.png,GUOBEI_objdet_CGUF_0001081.jpg,1489,640,1936,1370,447,730
72,foreign_000072.png,GUOBEI_objdet_CGUF_0001082.jpg,1508,1072,1962,1798,454,726
73,foreign_000073.png,GUOBEI_objdet_CGUF_0001083.jpg,1529,1499,1949,2168,420,669
74,foreign_000074.png,GUOBEI_objdet_CGUF_0001085.jpg,3199,1626,3468,1819,269,193
75,foreign_000075.png,GUOBEI_objdet_CGUF_0001144.jpg,1958,0,2836,385,878,385
76,foreign_000076.png,GUOBEI_objdet_CGUF_0001145.jpg,1085,46,2868,903,1783,857
77,foreign_000077.png,GUOBEI_objdet_CGUF_0001146.jpg,1120,473,2881,1320,1761,847
78,foreign_000078.png,GUOBEI_objdet_CGUF_0001147.jpg,1126,989,2925,1846,1799,857
79,foreign_000079.png,GUOBEI_objdet_CGUF_0001148.jpg,1174,1424,2753,2168,1579,744
80,foreign_000080.png,GUOBEI_objdet_CGUF_0001149.jpg,1198,1932,1621,2168,423,236
81,foreign_000081.png,GUOBEI_objdet_CGUF_0001150.jpg,1332,0,1706,284,374,284
82,foreign_000082.png,GUOBEI_objdet_CGUF_0001151.jpg,1028,0,1635,679,607,679
83,foreign_000083.png,GUOBEI_objdet_CGUF_0001151.jpg,2267,398,2378,573,111,175
84,foreign_000084.png,GUOBEI_objdet_CGUF_0001152.jpg,834,207,1659,1190,825,983
85,foreign_000085.png,GUOBEI_objdet_CGUF_0001152.jpg,715,0,876,144,161,144
86,foreign_000086.png,GUOBEI_objdet_CGUF_0001152.jpg,1867,369,2001,585,134,216
87,foreign_000087.png,GUOBEI_objdet_CGUF_0001152.jpg,2293,922,2405,1092,112,170
88,foreign_000088.png,GUOBEI_objdet_CGUF_0001153.jpg,731,390,894,555,163,165
89,foreign_000089.png,GUOBEI_objdet_CGUF_0001153.jpg,1883,802,2022,1014,139,212
90,foreign_000090.png,GUOBEI_objdet_CGUF_0001153.jpg,886,627,1684,1617,798,990
91,foreign_000091.png,GUOBEI_objdet_CGUF_0001153.jpg,2315,1351,2437,1526,122,175
92,foreign_000092.png,GUOBEI_objdet_CGUF_0001154.jpg,874,1037,1716,2066,842,1029
93,foreign_000093.png,GUOBEI_objdet_CGUF_0001154.jpg,750,792,911,985,161,193
94,foreign_000094.png,GUOBEI_objdet_CGUF_0001154.jpg,1910,1224,2043,1447,133,223
95,foreign_000095.png,GUOBEI_objdet_CGUF_0001154.jpg,2335,1772,2456,1968,121,196
96,foreign_000096.png,GUOBEI_objdet_CGUF_0001155.jpg,1929,1748,2079,1976,150,228
97,foreign_000097.png,GUOBEI_objdet_CGUF_0001155.jpg,770,1315,944,1492,174,177
98,foreign_000098.png,GUOBEI_objdet_CGUF_0001155.jpg,909,1569,1384,2168,475,599
99,foreign_000099.png,GUOBEI_objdet_CGUF_0001156.jpg,780,1762,956,1931,176,169
100,foreign_000100.png,GUOBEI_objdet_CGUF_0001304.jpg,1675,0,1765,546,90,546
101,foreign_000101.png,GUOBEI_objdet_CGUF_0001305.jpg,1682,239,1782,981,100,742
102,foreign_000102.png,GUOBEI_objdet_CGUF_0001306.jpg,1703,667,1804,1404,101,737
103,foreign_000103.png,GUOBEI_objdet_CGUF_0001307.jpg,1726,1107,1826,1850,100,743
104,foreign_000104.png,GUOBEI_objdet_CGUF_0001308.jpg,1746,1531,1846,2168,100,637
105,foreign_000105.png,GUOBEI_objdet_CGUF_0001549.jpg,1463,51,1897,771,434,720
106,foreign_000106.png,GUOBEI_objdet_CGUF_0001550.jpg,1489,640,1936,1370,447,730
107,foreign_000107.png,GUOBEI_objdet_CGUF_0001551.jpg,1508,1072,1962,1798,454,726
108,foreign_000108.png,GUOBEI_objdet_CGUF_0001552.jpg,1529,1499,1949,2168,420,669
109,foreign_000109.png,GUOBEI_objdet_CGUF_0001554.jpg,3199,1626,3468,1819,269,193
110,foreign_000110.png,GUOBEI_objdet_CGUF_0001613.jpg,1958,0,2836,385,878,385
111,foreign_000111.png,GUOBEI_objdet_CGUF_0001614.jpg,1085,46,2868,903,1783,857
112,foreign_000112.png,GUOBEI_objdet_CGUF_0001615.jpg,1120,473,2881,1320,1761,847
113,foreign_000113.png,GUOBEI_objdet_CGUF_0001616.jpg,1126,989,2925,1846,1799,857
114,foreign_000114.png,GUOBEI_objdet_CGUF_0001617.jpg,1174,1424,2753,2168,1579,744
115,foreign_000115.png,GUOBEI_objdet_CGUF_0001618.jpg,1198,1932,1621,2168,423,236
116,foreign_000116.png,GUOBEI_objdet_CGUF_0001619.jpg,1332,0,1706,284,374,284
117,foreign_000117.png,GUOBEI_objdet_CGUF_0001620.jpg,1028,0,1635,679,607,679
118,foreign_000118.png,GUOBEI_objdet_CGUF_0001620.jpg,2267,398,2378,573,111,175
119,foreign_000119.png,GUOBEI_objdet_CGUF_0001621.jpg,834,207,1659,1190,825,983
120,foreign_000120.png,GUOBEI_objdet_CGUF_0001621.jpg,715,0,876,144,161,144
121,foreign_000121.png,GUOBEI_objdet_CGUF_0001621.jpg,1867,369,2001,585,134,216
122,foreign_000122.png,GUOBEI_objdet_CGUF_0001621.jpg,2293,922,2405,1092,112,170
123,foreign_000123.png,GUOBEI_objdet_CGUF_0001622.jpg,731,390,894,555,163,165
124,foreign_000124.png,GUOBEI_objdet_CGUF_0001622.jpg,1883,802,2022,1014,139,212
125,foreign_000125.png,GUOBEI_objdet_CGUF_0001622.jpg,886,627,1684,1617,798,990
126,foreign_000126.png,GUOBEI_objdet_CGUF_0001622.jpg,2315,1351,2437,1526,122,175
127,foreign_000127.png,GUOBEI_objdet_CGUF_0001623.jpg,874,1037,1716,2066,842,1029
128,foreign_000128.png,GUOBEI_objdet_CGUF_0001623.jpg,750,792,911,985,161,193
129,foreign_000129.png,GUOBEI_objdet_CGUF_0001623.jpg,1910,1224,2043,1447,133,223
130,foreign_000130.png,GUOBEI_objdet_CGUF_0001623.jpg,2335,1772,2456,1968,121,196
131,foreign_000131.png,GUOBEI_objdet_CGUF_0001624.jpg,1929,1748,2079,1976,150,228
132,foreign_000132.png,GUOBEI_objdet_CGUF_0001624.jpg,770,1315,944,1492,174,177
133,foreign_000133.png,GUOBEI_objdet_CGUF_0001624.jpg,909,1569,1384,2168,475,599
134,foreign_000134.png,GUOBEI_objdet_CGUF_0001625.jpg,780,1762,956,1931,176,169
135,foreign_000135.png,GUOBEI_objdet_CGUF_0001773.jpg,1675,0,1765,546,90,546
136,foreign_000136.png,GUOBEI_objdet_CGUF_0001774.jpg,1682,239,1782,981,100,742
137,foreign_000137.png,GUOBEI_objdet_CGUF_0001775.jpg,1703,667,1804,1404,101,737
138,foreign_000138.png,GUOBEI_objdet_CGUF_0001776.jpg,1726,1107,1826,1850,100,743
139,foreign_000139.png,GUOBEI_objdet_CGUF_0001777.jpg,1746,1531,1846,2168,100,637
140,foreign_000140.png,GUOBEI_objdet_CGUF_0002018.jpg,1463,51,1897,771,434,720
141,foreign_000141.png,GUOBEI_objdet_CGUF_0002019.jpg,1489,640,1936,1370,447,730
142,foreign_000142.png,GUOBEI_objdet_CGUF_0002020.jpg,1508,1072,1962,1798,454,726
143,foreign_000143.png,GUOBEI_objdet_CGUF_0002021.jpg,1529,1499,1949,2168,420,669
144,foreign_000144.png,GUOBEI_objdet_CGUF_0002023.jpg,3199,1626,3468,1819,269,193
145,foreign_000145.png,GUOBEI_objdet_CGUF_0002082.jpg,1958,0,2836,385,878,385
146,foreign_000146.png,GUOBEI_objdet_CGUF_0002083.jpg,1085,46,2868,903,1783,857
147,foreign_000147.png,GUOBEI_objdet_CGUF_0002084.jpg,1120,473,2881,1320,1761,847
148,foreign_000148.png,GUOBEI_objdet_CGUF_0002085.jpg,1126,989,2925,1846,1799,857
149,foreign_000149.png,GUOBEI_objdet_CGUF_0002086.jpg,1174,1424,2753,2168,1579,744
150,foreign_000150.png,GUOBEI_objdet_CGUF_0002087.jpg,1198,1932,1621,2168,423,236
151,foreign_000151.png,GUOBEI_objdet_CGUF_0002088.jpg,1332,0,1706,284,374,284
152,foreign_000152.png,GUOBEI_objdet_CGUF_0002089.jpg,1028,0,1635,679,607,679
153,foreign_000153.png,GUOBEI_objdet_CGUF_0002089.jpg,2267,398,2378,573,111,175
154,foreign_000154.png,GUOBEI_objdet_CGUF_0002090.jpg,834,207,1659,1190,825,983
155,foreign_000155.png,GUOBEI_objdet_CGUF_0002090.jpg,715,0,876,144,161,144
156,foreign_000156.png,GUOBEI_objdet_CGUF_0002090.jpg,1867,369,2001,585,134,216
157,foreign_000157.png,GUOBEI_objdet_CGUF_0002090.jpg,2293,922,2405,1092,112,170
158,foreign_000158.png,GUOBEI_objdet_CGUF_0002091.jpg,731,390,894,555,163,165
159,foreign_000159.png,GUOBEI_objdet_CGUF_0002091.jpg,1883,802,2022,1014,139,212
160,foreign_000160.png,GUOBEI_objdet_CGUF_0002091.jpg,886,627,1684,1617,798,990
161,foreign_000161.png,GUOBEI_objdet_CGUF_0002091.jpg,2315,1351,2437,1526,122,175
162,foreign_000162.png,GUOBEI_objdet_CGUF_0002092.jpg,874,1037,1716,2066,842,1029
163,foreign_000163.png,GUOBEI_objdet_CGUF_0002092.jpg,750,792,911,985,161,193
164,foreign_000164.png,GUOBEI_objdet_CGUF_0002092.jpg,1910,1224,2043,1447,133,223
165,foreign_000165.png,GUOBEI_objdet_CGUF_0002092.jpg,2335,1772,2456,1968,121,196
166,foreign_000166.png,GUOBEI_objdet_CGUF_0002093.jpg,1929,1748,2079,1976,150,228
167,foreign_000167.png,GUOBEI_objdet_CGUF_0002093.jpg,770,1315,944,1492,174,177
168,foreign_000168.png,GUOBEI_objdet_CGUF_0002093.jpg,909,1569,1384,2168,475,599
169,foreign_000169.png,GUOBEI_objdet_CGUF_0002094.jpg,780,1762,956,1931,176,169
170,foreign_000170.png,GUOBEI_objdet_CGUF_0002242.jpg,1675,0,1765,546,90,546
171,foreign_000171.png,GUOBEI_objdet_CGUF_0002243.jpg,1682,239,1782,981,100,742
172,foreign_000172.png,GUOBEI_objdet_CGUF_0002244.jpg,1703,667,1804,1404,101,737
173,foreign_000173.png,GUOBEI_objdet_CGUF_0002245.jpg,1726,1107,1826,1850,100,743
174,foreign_000174.png,GUOBEI_objdet_CGUF_0002246.jpg,1746,1531,1846,2168,100,637
175,foreign_000175.png,GUOBEI_objdet_CGUF_0002487.jpg,1463,51,1897,771,434,720
176,foreign_000176.png,GUOBEI_objdet_CGUF_0002488.jpg,1489,640,1936,1370,447,730
177,foreign_000177.png,GUOBEI_objdet_CGUF_0002489.jpg,1508,1072,1962,1798,454,726
178,foreign_000178.png,GUOBEI_objdet_CGUF_0002490.jpg,1529,1499,1949,2168,420,669
179,foreign_000179.png,GUOBEI_objdet_CGUF_0002492.jpg,3199,1626,3468,1819,269,193
180,foreign_000180.png,GUOBEI_objdet_CGUF_0002551.jpg,1958,0,2836,385,878,385
181,foreign_000181.png,GUOBEI_objdet_CGUF_0002552.jpg,1085,46,2868,903,1783,857
182,foreign_000182.png,GUOBEI_objdet_CGUF_0002553.jpg,1120,473,2881,1320,1761,847
183,foreign_000183.png,GUOBEI_objdet_CGUF_0002554.jpg,1126,989,2925,1846,1799,857
184,foreign_000184.png,GUOBEI_objdet_CGUF_0002555.jpg,1174,1424,2753,2168,1579,744
185,foreign_000185.png,GUOBEI_objdet_CGUF_0002556.jpg,1198,1932,1621,2168,423,236
186,foreign_000186.png,GUOBEI_objdet_CGUF_0002557.jpg,1332,0,1706,284,374,284
187,foreign_000187.png,GUOBEI_objdet_CGUF_0002558.jpg,1028,0,1635,679,607,679
188,foreign_000188.png,GUOBEI_objdet_CGUF_0002558.jpg,2267,398,2378,573,111,175
189,foreign_000189.png,GUOBEI_objdet_CGUF_0002559.jpg,834,207,1659,1190,825,983
190,foreign_000190.png,GUOBEI_objdet_CGUF_0002559.jpg,715,0,876,144,161,144
191,foreign_000191.png,GUOBEI_objdet_CGUF_0002559.jpg,1867,369,2001,585,134,216
192,foreign_000192.png,GUOBEI_objdet_CGUF_0002559.jpg,2293,922,2405,1092,112,170
193,foreign_000193.png,GUOBEI_objdet_CGUF_0002560.jpg,731,390,894,555,163,165
194,foreign_000194.png,GUOBEI_objdet_CGUF_0002560.jpg,1883,802,2022,1014,139,212
195,foreign_000195.png,GUOBEI_objdet_CGUF_0002560.jpg,886,627,1684,1617,798,990
196,foreign_000196.png,GUOBEI_objdet_CGUF_0002560.jpg,2315,1351,2437,1526,122,175
197,foreign_000197.png,GUOBEI_objdet_CGUF_0002561.jpg,874,1037,1716,2066,842,1029
198,foreign_000198.png,GUOBEI_objdet_CGUF_0002561.jpg,750,792,911,985,161,193
199,foreign_000199.png,GUOBEI_objdet_CGUF_0002561.jpg,1910,1224,2043,1447,133,223
200,foreign_000200.png,GUOBEI_objdet_CGUF_0002561.jpg,2335,1772,2456,1968,121,196
201,foreign_000201.png,GUOBEI_objdet_CGUF_0002562.jpg,1929,1748,2079,1976,150,228
202,foreign_000202.png,GUOBEI_objdet_CGUF_0002562.jpg,770,1315,944,1492,174,177
203,foreign_000203.png,GUOBEI_objdet_CGUF_0002562.jpg,909,1569,1384,2168,475,599
204,foreign_000204.png,GUOBEI_objdet_CGUF_0002563.jpg,780,1762,956,1931,176,169
205,foreign_000205.png,GUOBEI_objdet_CGUF_0002711.jpg,1675,0,1765,546,90,546
206,foreign_000206.png,GUOBEI_objdet_CGUF_0002712.jpg,1682,239,1782,981,100,742
207,foreign_000207.png,GUOBEI_objdet_CGUF_0002713.jpg,1703,667,1804,1404,101,737
208,foreign_000208.png,GUOBEI_objdet_CGUF_0002714.jpg,1726,1107,1826,1850,100,743
209,foreign_000209.png,GUOBEI_objdet_CGUF_0002715.jpg,1746,1531,1846,2168,100,637
210,foreign_000210.png,GUOBEI_objdet_CGUF_0002956.jpg,1463,51,1897,771,434,720
211,foreign_000211.png,GUOBEI_objdet_CGUF_0002957.jpg,1489,640,1936,1370,447,730
212,foreign_000212.png,GUOBEI_objdet_CGUF_0002958.jpg,1508,1072,1962,1798,454,726
213,foreign_000213.png,GUOBEI_objdet_CGUF_0002959.jpg,1529,1499,1949,2168,420,669
214,foreign_000214.png,GUOBEI_objdet_CGUF_0002961.jpg,3199,1626,3468,1819,269,193
215,foreign_000215.png,GUOBEI_objdet_CGUF_0003020.jpg,1958,0,2836,385,878,385
216,foreign_000216.png,GUOBEI_objdet_CGUF_0003021.jpg,1085,46,2868,903,1783,857
217,foreign_000217.png,GUOBEI_objdet_CGUF_0003022.jpg,1120,473,2881,1320,1761,847
218,foreign_000218.png,GUOBEI_objdet_CGUF_0003023.jpg,1126,989,2925,1846,1799,857
219,foreign_000219.png,GUOBEI_objdet_CGUF_0003024.jpg,1174,1424,2753,2168,1579,744
220,foreign_000220.png,GUOBEI_objdet_CGUF_0003025.jpg,1198,1932,1621,2168,423,236
221,foreign_000221.png,GUOBEI_objdet_CGUF_0003026.jpg,1332,0,1706,284,374,284
222,foreign_000222.png,GUOBEI_objdet_CGUF_0003027.jpg,1028,0,1635,679,607,679
223,foreign_000223.png,GUOBEI_objdet_CGUF_0003027.jpg,2267,398,2378,573,111,175
224,foreign_000224.png,GUOBEI_objdet_CGUF_0003028.jpg,834,207,1659,1190,825,983
225,foreign_000225.png,GUOBEI_objdet_CGUF_0003028.jpg,715,0,876,144,161,144
226,foreign_000226.png,GUOBEI_objdet_CGUF_0003028.jpg,1867,369,2001,585,134,216
227,foreign_000227.png,GUOBEI_objdet_CGUF_0003028.jpg,2293,922,2405,1092,112,170
228,foreign_000228.png,GUOBEI_objdet_CGUF_0003029.jpg,731,390,894,555,163,165
229,foreign_000229.png,GUOBEI_objdet_CGUF_0003029.jpg,1883,802,2022,1014,139,212
230,foreign_000230.png,GUOBEI_objdet_CGUF_0003029.jpg,886,627,1684,1617,798,990
231,foreign_000231.png,GUOBEI_objdet_CGUF_0003029.jpg,2315,1351,2437,1526,122,175
232,foreign_000232.png,GUOBEI_objdet_CGUF_0003030.jpg,874,1037,1716,2066,842,1029
233,foreign_000233.png,GUOBEI_objdet_CGUF_0003030.jpg,750,792,911,985,161,193
234,foreign_000234.png,GUOBEI_objdet_CGUF_0003030.jpg,1910,1224,2043,1447,133,223
235,foreign_000235.png,GUOBEI_objdet_CGUF_0003030.jpg,2335,1772,2456,1968,121,196
236,foreign_000236.png,GUOBEI_objdet_CGUF_0003031.jpg,1929,1748,2079,1976,150,228
237,foreign_000237.png,GUOBEI_objdet_CGUF_0003031.jpg,770,1315,944,1492,174,177
238,foreign_000238.png,GUOBEI_objdet_CGUF_0003031.jpg,909,1569,1384,2168,475,599
239,foreign_000239.png,GUOBEI_objdet_CGUF_0003032.jpg,780,1762,956,1931,176,169
240,foreign_000240.png,GUOBEI_objdet_CGUF_0003180.jpg,1675,0,1765,546,90,546
241,foreign_000241.png,GUOBEI_objdet_CGUF_0003181.jpg,1682,239,1782,981,100,742
242,foreign_000242.png,GUOBEI_objdet_CGUF_0003182.jpg,1703,667,1804,1404,101,737
243,foreign_000243.png,GUOBEI_objdet_CGUF_0003183.jpg,1726,1107,1826,1850,100,743
244,foreign_000244.png,GUOBEI_objdet_CGUF_0003184.jpg,1746,1531,1846,2168,100,637
245,foreign_000245.png,GUOBEI_objdet_CGUF_0004280.jpg,631,0,817,616,186,616
246,foreign_000246.png,GUOBEI_objdet_CGUF_0004281.jpg,583,190,825,1148,242,958
247,foreign_000247.png,GUOBEI_objdet_CGUF_0004282.jpg,578,707,826,1674,248,967
248,foreign_000248.png,GUOBEI_objdet_CGUF_0004283.jpg,597,1238,829,2168,232,930
249,foreign_000249.png,GUOBEI_objdet_CGUF_0004284.jpg,594,1676,775,2168,181,492
250,foreign_000250.png,GUOBEI_objdet_CGUF_0004506.jpg,568,251,953,606,385,355
251,foreign_000251.png,GUOBEI_objdet_CGUF_0004507.jpg,570,767,962,1143,392,376
252,foreign_000252.png,GUOBEI_objdet_CGUF_0004508.jpg,590,1215,971,1577,381,362
253,foreign_000253.png,GUOBEI_objdet_CGUF_0004509.jpg,580,1743,970,2101,390,358
254,foreign_000254.png,GUOBEI_objdet_CGUF_0004618.jpg,589,424,1314,610,725,186
255,foreign_000255.png,GUOBEI_objdet_CGUF_0004619.jpg,605,849,1333,1052,728,203
256,foreign_000256.png,GUOBEI_objdet_CGUF_0004620.jpg,605,1293,1329,1488,724,195
257,foreign_000257.png,GUOBEI_objdet_CGUF_0004621.jpg,627,1812,1336,2024,709,212
258,foreign_000258.png,GUOBEI_objdet_CGUF_0004876.jpg,2527,0,2639,271,112,271
259,foreign_000259.png,GUOBEI_objdet_CGUF_0004877.jpg,2438,0,2726,870,288,870
260,foreign_000260.png,GUOBEI_objdet_CGUF_0004878.jpg,2431,0,2900,1412,469,1412
261,foreign_000261.png,GUOBEI_objdet_CGUF_0004879.jpg,2460,0,3018,1863,558,1863
262,foreign_000262.png,GUOBEI_objdet_CGUF_0004880.jpg,2508,0,3098,2168,590,2168
263,foreign_000263.png,GUOBEI_objdet_CGUF_0004881.jpg,2625,0,3188,2168,563,2168
264,foreign_000264.png,GUOBEI_objdet_CGUF_0004882.jpg,2777,0,3279,2168,502,2168
265,foreign_000265.png,GUOBEI_objdet_CGUF_0004883.jpg,2916,270,3330,2168,414,1898
266,foreign_000266.png,GUOBEI_objdet_CGUF_0004884.jpg,3047,809,3340,2168,293,1359
267,foreign_000267.png,GUOBEI_objdet_CGUF_0004885.jpg,3131,1239,3364,2168,233,929
268,foreign_000268.png,GUOBEI_objdet_CGUF_0004886.jpg,3252,1796,3393,2168,141,372
269,foreign_000269.png,GUOBEI_objdet_CGUF_0005014.jpg,845,204,1742,484,897,280
270,foreign_000270.png,GUOBEI_objdet_CGUF_0005015.jpg,861,735,1754,1010,893,275
271,foreign_000271.png,GUOBEI_objdet_CGUF_0005016.jpg,906,1162,1765,1462,859,300
272,foreign_000272.png,GUOBEI_objdet_CGUF_0005017.jpg,900,1699,1789,1991,889,292
273,foreign_000273.png,GUOBEI_objdet_CGUF_0005041.jpg,1960,0,2065,745,105,745
274,foreign_000274.png,GUOBEI_objdet_CGUF_0005042.jpg,1991,0,2090,1183,99,1183
275,foreign_000275.png,GUOBEI_objdet_CGUF_0005043.jpg,1967,149,2223,1716,256,1567
276,foreign_000276.png,GUOBEI_objdet_CGUF_0005044.jpg,1999,585,2239,2145,240,1560
277,foreign_000277.png,GUOBEI_objdet_CGUF_0005045.jpg,2013,1099,2240,2168,227,1069
278,foreign_000278.png,GUOBEI_objdet_CGUF_0005046.jpg,2027,1635,2267,2168,240,533
279,foreign_000279.png,GUOBEI_objdet_CGUF_0005049.jpg,675,0,1003,445,328,445
280,foreign_000280.png,GUOBEI_objdet_CGUF_0005049.jpg,1216,3,1554,512,338,509
281,foreign_000281.png,GUOBEI_objdet_CGUF_0005050.jpg,575,343,1001,983,426,640
282,foreign_000282.png,GUOBEI_objdet_CGUF_0005050.jpg,1236,520,1549,1058,313,538
283,foreign_000283.png,GUOBEI_objdet_CGUF_0005051.jpg,1234,968,1562,1480,328,512
284,foreign_000284.png,GUOBEI_objdet_CGUF_0005051.jpg,575,775,1012,1408,437,633
285,foreign_000285.png,GUOBEI_objdet_CGUF_0005052.jpg,583,1295,1011,1924,428,629
286,foreign_000286.png,GUOBEI_objdet_CGUF_0005052.jpg,1241,1495,1587,2020,346,525
287,foreign_000287.png,GUOBEI_objdet_CGUF_0005053.jpg,603,1831,842,2168,239,337
288,foreign_000288.png,GUOBEI_objdet_CGUF_0005090.jpg,631,0,817,616,186,616
289,foreign_000289.png,GUOBEI_objdet_CGUF_0005091.jpg,583,190,825,1148,242,958
290,foreign_000290.png,GUOBEI_objdet_CGUF_0005092.jpg,578,707,826,1674,248,967
291,foreign_000291.png,GUOBEI_objdet_CGUF_0005093.jpg,597,1238,829,2168,232,930
292,foreign_000292.png,GUOBEI_objdet_CGUF_0005094.jpg,594,1676,775,2168,181,492
293,foreign_000293.png,GUOBEI_objdet_CGUF_0005316.jpg,568,251,953,606,385,355
294,foreign_000294.png,GUOBEI_objdet_CGUF_0005317.jpg,570,767,962,1143,392,376
295,foreign_000295.png,GUOBEI_objdet_CGUF_0005318.jpg,590,1215,971,1577,381,362
296,foreign_000296.png,GUOBEI_objdet_CGUF_0005319.jpg,580,1743,970,2101,390,358
297,foreign_000297.png,GUOBEI_objdet_CGUF_0005428.jpg,589,424,1314,610,725,186
298,foreign_000298.png,GUOBEI_objdet_CGUF_0005429.jpg,605,849,1333,1052,728,203
299,foreign_000299.png,GUOBEI_objdet_CGUF_0005430.jpg,605,1293,1329,1488,724,195
300,foreign_000300.png,GUOBEI_objdet_CGUF_0005431.jpg,627,1812,1336,2024,709,212
301,foreign_000301.png,GUOBEI_objdet_CGUF_0005686.jpg,2527,0,2639,271,112,271
302,foreign_000302.png,GUOBEI_objdet_CGUF_0005687.jpg,2438,0,2726,870,288,870
303,foreign_000303.png,GUOBEI_objdet_CGUF_0005688.jpg,2431,0,2900,1412,469,1412
304,foreign_000304.png,GUOBEI_objdet_CGUF_0005689.jpg,2460,0,3018,1863,558,1863
305,foreign_000305.png,GUOBEI_objdet_CGUF_0005690.jpg,2508,0,3098,2168,590,2168
306,foreign_000306.png,GUOBEI_objdet_CGUF_0005691.jpg,2625,0,3188,2168,563,2168
307,foreign_000307.png,GUOBEI_objdet_CGUF_0005692.jpg,2777,0,3279,2168,502,2168
308,foreign_000308.png,GUOBEI_objdet_CGUF_0005693.jpg,2916,270,3330,2168,414,1898
309,foreign_000309.png,GUOBEI_objdet_CGUF_0005694.jpg,3047,809,3340,2168,293,1359
310,foreign_000310.png,GUOBEI_objdet_CGUF_0005695.jpg,3131,1239,3364,2168,233,929
311,foreign_000311.png,GUOBEI_objdet_CGUF_0005696.jpg,3252,1796,3393,2168,141,372
312,foreign_000312.png,GUOBEI_objdet_CGUF_0005824.jpg,845,204,1742,484,897,280
313,foreign_000313.png,GUOBEI_objdet_CGUF_0005825.jpg,861,735,1754,1010,893,275
314,foreign_000314.png,GUOBEI_objdet_CGUF_0005826.jpg,906,1162,1765,1462,859,300
315,foreign_000315.png,GUOBEI_objdet_CGUF_0005827.jpg,900,1699,1789,1991,889,292
316,foreign_000316.png,GUOBEI_objdet_CGUF_0005851.jpg,1960,0,2065,745,105,745
317,foreign_000317.png,GUOBEI_objdet_CGUF_0005852.jpg,1991,0,2090,1183,99,1183
318,foreign_000318.png,GUOBEI_objdet_CGUF_0005853.jpg,1967,149,2223,1716,256,1567
319,foreign_000319.png,GUOBEI_objdet_CGUF_0005854.jpg,1999,585,2239,2145,240,1560
320,foreign_000320.png,GUOBEI_objdet_CGUF_0005855.jpg,2013,1099,2240,2168,227,1069
321,foreign_000321.png,GUOBEI_objdet_CGUF_0005856.jpg,2027,1635,2267,2168,240,533
322,foreign_000322.png,GUOBEI_objdet_CGUF_0005859.jpg,675,0,1003,445,328,445
323,foreign_000323.png,GUOBEI_objdet_CGUF_0005859.jpg,1216,3,1554,512,338,509
324,foreign_000324.png,GUOBEI_objdet_CGUF_0005860.jpg,575,343,1001,983,426,640
325,foreign_000325.png,GUOBEI_objdet_CGUF_0005860.jpg,1236,520,1549,1058,313,538
326,foreign_000326.png,GUOBEI_objdet_CGUF_0005861.jpg,1234,968,1562,1480,328,512
327,foreign_000327.png,GUOBEI_objdet_CGUF_0005861.jpg,575,775,1012,1408,437,633
328,foreign_000328.png,GUOBEI_objdet_CGUF_0005862.jpg,583,1295,1011,1924,428,629
329,foreign_000329.png,GUOBEI_objdet_CGUF_0005862.jpg,1241,1495,1587,2020,346,525
330,foreign_000330.png,GUOBEI_objdet_CGUF_0005863.jpg,603,1831,842,2168,239,337
331,foreign_000331.png,GUOBEI_objdet_CGUF_0005900.jpg,631,0,817,616,186,616
332,foreign_000332.png,GUOBEI_objdet_CGUF_0005901.jpg,583,190,825,1148,242,958
333,foreign_000333.png,GUOBEI_objdet_CGUF_0005902.jpg,578,707,826,1674,248,967
334,foreign_000334.png,GUOBEI_objdet_CGUF_0005903.jpg,597,1238,829,2168,232,930
335,foreign_000335.png,GUOBEI_objdet_CGUF_0005904.jpg,594,1676,775,2168,181,492
336,foreign_000336.png,GUOBEI_objdet_CGUF_0006126.jpg,568,251,953,606,385,355
337,foreign_000337.png,GUOBEI_objdet_CGUF_0006127.jpg,570,767,962,1143,392,376
338,foreign_000338.png,GUOBEI_objdet_CGUF_0006128.jpg,590,1215,971,1577,381,362
339,foreign_000339.png,GUOBEI_objdet_CGUF_0006129.jpg,580,1743,970,2101,390,358
340,foreign_000340.png,GUOBEI_objdet_CGUF_0006238.jpg,589,424,1314,610,725,186
341,foreign_000341.png,GUOBEI_objdet_CGUF_0006239.jpg,605,849,1333,1052,728,203
342,foreign_000342.png,GUOBEI_objdet_CGUF_0006240.jpg,605,1293,1329,1488,724,195
343,foreign_000343.png,GUOBEI_objdet_CGUF_0006241.jpg,627,1812,1336,2024,709,212
344,foreign_000344.png,GUOBEI_objdet_CGUF_0006496.jpg,2527,0,2639,271,112,271
345,foreign_000345.png,GUOBEI_objdet_CGUF_0006497.jpg,2438,0,2726,870,288,870
346,foreign_000346.png,GUOBEI_objdet_CGUF_0006498.jpg,2431,0,2900,1412,469,1412
347,foreign_000347.png,GUOBEI_objdet_CGUF_0006499.jpg,2460,0,3018,1863,558,1863
348,foreign_000348.png,GUOBEI_objdet_CGUF_0006500.jpg,2508,0,3098,2168,590,2168
349,foreign_000349.png,GUOBEI_objdet_CGUF_0006501.jpg,2625,0,3188,2168,563,2168
350,foreign_000350.png,GUOBEI_objdet_CGUF_0006502.jpg,2777,0,3279,2168,502,2168
351,foreign_000351.png,GUOBEI_objdet_CGUF_0006503.jpg,2916,270,3330,2168,414,1898
352,foreign_000352.png,GUOBEI_objdet_CGUF_0006504.jpg,3047,809,3340,2168,293,1359
353,foreign_000353.png,GUOBEI_objdet_CGUF_0006505.jpg,3131,1239,3364,2168,233,929
354,foreign_000354.png,GUOBEI_objdet_CGUF_0006506.jpg,3252,1796,3393,2168,141,372
355,foreign_000355.png,GUOBEI_objdet_CGUF_0006634.jpg,845,204,1742,484,897,280
356,foreign_000356.png,GUOBEI_objdet_CGUF_0006635.jpg,861,735,1754,1010,893,275
357,foreign_000357.png,GUOBEI_objdet_CGUF_0006636.jpg,906,1162,1765,1462,859,300
358,foreign_000358.png,GUOBEI_objdet_CGUF_0006637.jpg,900,1699,1789,1991,889,292
359,foreign_000359.png,GUOBEI_objdet_CGUF_0006661.jpg,1960,0,2065,745,105,745
360,foreign_000360.png,GUOBEI_objdet_CGUF_0006662.jpg,1991,0,2090,1183,99,1183
361,foreign_000361.png,GUOBEI_objdet_CGUF_0006663.jpg,1967,149,2223,1716,256,1567
362,foreign_000362.png,GUOBEI_objdet_CGUF_0006664.jpg,1999,585,2239,2145,240,1560
363,foreign_000363.png,GUOBEI_objdet_CGUF_0006665.jpg,2013,1099,2240,2168,227,1069
364,foreign_000364.png,GUOBEI_objdet_CGUF_0006666.jpg,2027,1635,2267,2168,240,533
365,foreign_000365.png,GUOBEI_objdet_CGUF_0006669.jpg,675,0,1003,445,328,445
366,foreign_000366.png,GUOBEI_objdet_CGUF_0006669.jpg,1216,3,1554,512,338,509
367,foreign_000367.png,GUOBEI_objdet_CGUF_0006670.jpg,575,343,1001,983,426,640
368,foreign_000368.png,GUOBEI_objdet_CGUF_0006670.jpg,1236,520,1549,1058,313,538
369,foreign_000369.png,GUOBEI_objdet_CGUF_0006671.jpg,1234,968,1562,1480,328,512
370,foreign_000370.png,GUOBEI_objdet_CGUF_0006671.jpg,575,775,1012,1408,437,633
371,foreign_000371.png,GUOBEI_objdet_CGUF_0006672.jpg,583,1295,1011,1924,428,629
372,foreign_000372.png,GUOBEI_objdet_CGUF_0006672.jpg,1241,1495,1587,2020,346,525
373,foreign_000373.png,GUOBEI_objdet_CGUF_0006673.jpg,603,1831,842,2168,239,337
374,foreign_000374.png,GUOBEI_objdet_CGUF_0006710.jpg,631,0,817,616,186,616
375,foreign_000375.png,GUOBEI_objdet_CGUF_0006711.jpg,583,190,825,1148,242,958
376,foreign_000376.png,GUOBEI_objdet_CGUF_0006712.jpg,578,707,826,1674,248,967
377,foreign_000377.png,GUOBEI_objdet_CGUF_0006713.jpg,597,1238,829,2168,232,930
378,foreign_000378.png,GUOBEI_objdet_CGUF_0006714.jpg,594,1676,775,2168,181,492
379,foreign_000379.png,GUOBEI_objdet_CGUF_0006936.jpg,568,251,953,606,385,355
380,foreign_000380.png,GUOBEI_objdet_CGUF_0006937.jpg,570,767,962,1143,392,376
381,foreign_000381.png,GUOBEI_objdet_CGUF_0006938.jpg,590,1215,971,1577,381,362
382,foreign_000382.png,GUOBEI_objdet_CGUF_0006939.jpg,580,1743,970,2101,390,358
383,foreign_000383.png,GUOBEI_objdet_CGUF_0007048.jpg,589,424,1314,610,725,186
384,foreign_000384.png,GUOBEI_objdet_CGUF_0007049.jpg,605,849,1333,1052,728,203
385,foreign_000385.png,GUOBEI_objdet_CGUF_0007050.jpg,605,1293,1329,1488,724,195
386,foreign_000386.png,GUOBEI_objdet_CGUF_0007051.jpg,627,1812,1336,2024,709,212
387,foreign_000387.png,GUOBEI_objdet_CGUF_0007306.jpg,2527,0,2639,271,112,271
388,foreign_000388.png,GUOBEI_objdet_CGUF_0007307.jpg,2438,0,2726,870,288,870
389,foreign_000389.png,GUOBEI_objdet_CGUF_0007308.jpg,2431,0,2900,1412,469,1412
390,foreign_000390.png,GUOBEI_objdet_CGUF_0007309.jpg,2460,0,3018,1863,558,1863
391,foreign_000391.png,GUOBEI_objdet_CGUF_0007310.jpg,2508,0,3098,2168,590,2168
392,foreign_000392.png,GUOBEI_objdet_CGUF_0007311.jpg,2625,0,3188,2168,563,2168
393,foreign_000393.png,GUOBEI_objdet_CGUF_0007312.jpg,2777,0,3279,2168,502,2168
394,foreign_000394.png,GUOBEI_objdet_CGUF_0007313.jpg,2916,270,3330,2168,414,1898
395,foreign_000395.png,GUOBEI_objdet_CGUF_0007314.jpg,3047,809,3340,2168,293,1359
396,foreign_000396.png,GUOBEI_objdet_CGUF_0007315.jpg,3131,1239,3364,2168,233,929
397,foreign_000397.png,GUOBEI_objdet_CGUF_0007316.jpg,3252,1796,3393,2168,141,372
398,foreign_000398.png,GUOBEI_objdet_CGUF_0007444.jpg,845,204,1742,484,897,280
399,foreign_000399.png,GUOBEI_objdet_CGUF_0007445.jpg,861,735,1754,1010,893,275
400,foreign_000400.png,GUOBEI_objdet_CGUF_0007446.jpg,906,1162,1765,1462,859,300
401,foreign_000401.png,GUOBEI_objdet_CGUF_0007447.jpg,900,1699,1789,1991,889,292
402,foreign_000402.png,GUOBEI_objdet_CGUF_0007471.jpg,1960,0,2065,745,105,745
403,foreign_000403.png,GUOBEI_objdet_CGUF_0007472.jpg,1991,0,2090,1183,99,1183
404,foreign_000404.png,GUOBEI_objdet_CGUF_0007473.jpg,1967,149,2223,1716,256,1567
405,foreign_000405.png,GUOBEI_objdet_CGUF_0007474.jpg,1999,585,2239,2145,240,1560
406,foreign_000406.png,GUOBEI_objdet_CGUF_0007475.jpg,2013,1099,2240,2168,227,1069
407,foreign_000407.png,GUOBEI_objdet_CGUF_0007476.jpg,2027,1635,2267,2168,240,533
408,foreign_000408.png,GUOBEI_objdet_CGUF_0007479.jpg,675,0,1003,445,328,445
409,foreign_000409.png,GUOBEI_objdet_CGUF_0007479.jpg,1216,3,1554,512,338,509
410,foreign_000410.png,GUOBEI_objdet_CGUF_0007480.jpg,575,343,1001,983,426,640
411,foreign_000411.png,GUOBEI_objdet_CGUF_0007480.jpg,1236,520,1549,1058,313,538
412,foreign_000412.png,GUOBEI_objdet_CGUF_0007481.jpg,1234,968,1562,1480,328,512
413,foreign_000413.png,GUOBEI_objdet_CGUF_0007481.jpg,575,775,1012,1408,437,633
414,foreign_000414.png,GUOBEI_objdet_CGUF_0007482.jpg,583,1295,1011,1924,428,629
415,foreign_000415.png,GUOBEI_objdet_CGUF_0007482.jpg,1241,1495,1587,2020,346,525
416,foreign_000416.png,GUOBEI_objdet_CGUF_0007483.jpg,603,1831,842,2168,239,337
417,foreign_000417.png,GUOBEI_objdet_CGUF_0007520.jpg,631,0,817,616,186,616
418,foreign_000418.png,GUOBEI_objdet_CGUF_0007521.jpg,583,190,825,1148,242,958
419,foreign_000419.png,GUOBEI_objdet_CGUF_0007522.jpg,578,707,826,1674,248,967
420,foreign_000420.png,GUOBEI_objdet_CGUF_0007523.jpg,597,1238,829,2168,232,930
421,foreign_000421.png,GUOBEI_objdet_CGUF_0007524.jpg,594,1676,775,2168,181,492
422,foreign_000422.png,GUOBEI_objdet_CGUF_0007746.jpg,568,251,953,606,385,355
423,foreign_000423.png,GUOBEI_objdet_CGUF_0007747.jpg,570,767,962,1143,392,376
424,foreign_000424.png,GUOBEI_objdet_CGUF_0007748.jpg,590,1215,971,1577,381,362
425,foreign_000425.png,GUOBEI_objdet_CGUF_0007749.jpg,580,1743,970,2101,390,358
426,foreign_000426.png,GUOBEI_objdet_CGUF_0007858.jpg,589,424,1314,610,725,186
427,foreign_000427.png,GUOBEI_objdet_CGUF_0007859.jpg,605,849,1333,1052,728,203
428,foreign_000428.png,GUOBEI_objdet_CGUF_0007860.jpg,605,1293,1329,1488,724,195
429,foreign_000429.png,GUOBEI_objdet_CGUF_0007861.jpg,627,1812,1336,2024,709,212
430,foreign_000430.png,GUOBEI_objdet_CGUF_0008116.jpg,2527,0,2639,271,112,271
431,foreign_000431.png,GUOBEI_objdet_CGUF_0008117.jpg,2438,0,2726,870,288,870
432,foreign_000432.png,GUOBEI_objdet_CGUF_0008118.jpg,2431,0,2900,1412,469,1412
433,foreign_000433.png,GUOBEI_objdet_CGUF_0008119.jpg,2460,0,3018,1863,558,1863
434,foreign_000434.png,GUOBEI_objdet_CGUF_0008120.jpg,2508,0,3098,2168,590,2168
435,foreign_000435.png,GUOBEI_objdet_CGUF_0008121.jpg,2625,0,3188,2168,563,2168
436,foreign_000436.png,GUOBEI_objdet_CGUF_0008122.jpg,2777,0,3279,2168,502,2168
437,foreign_000437.png,GUOBEI_objdet_CGUF_0008123.jpg,2916,270,3330,2168,414,1898
438,foreign_000438.png,GUOBEI_objdet_CGUF_0008124.jpg,3047,809,3340,2168,293,1359
439,foreign_000439.png,GUOBEI_objdet_CGUF_0008125.jpg,3131,1239,3364,2168,233,929
440,foreign_000440.png,GUOBEI_objdet_CGUF_0008126.jpg,3252,1796,3393,2168,141,372
441,foreign_000441.png,GUOBEI_objdet_CGUF_0008254.jpg,845,204,1742,484,897,280
442,foreign_000442.png,GUOBEI_objdet_CGUF_0008255.jpg,861,735,1754,1010,893,275
443,foreign_000443.png,GUOBEI_objdet_CGUF_0008256.jpg,906,1162,1765,1462,859,300
444,foreign_000444.png,GUOBEI_objdet_CGUF_0008257.jpg,900,1699,1789,1991,889,292
445,foreign_000445.png,GUOBEI_objdet_CGUF_0008281.jpg,1960,0,2065,745,105,745
446,foreign_000446.png,GUOBEI_objdet_CGUF_0008282.jpg,1991,0,2090,1183,99,1183
447,foreign_000447.png,GUOBEI_objdet_CGUF_0008283.jpg,1967,149,2223,1716,256,1567
448,foreign_000448.png,GUOBEI_objdet_CGUF_0008284.jpg,1999,585,2239,2145,240,1560
449,foreign_000449.png,GUOBEI_objdet_CGUF_0008285.jpg,2013,1099,2240,2168,227,1069
450,foreign_000450.png,GUOBEI_objdet_CGUF_0008286.jpg,2027,1635,2267,2168,240,533
451,foreign_000451.png,GUOBEI_objdet_CGUF_0008289.jpg,675,0,1003,445,328,445
452,foreign_000452.png,GUOBEI_objdet_CGUF_0008289.jpg,1216,3,1554,512,338,509
453,foreign_000453.png,GUOBEI_objdet_CGUF_0008290.jpg,575,343,1001,983,426,640
454,foreign_000454.png,GUOBEI_objdet_CGUF_0008290.jpg,1236,520,1549,1058,313,538
455,foreign_000455.png,GUOBEI_objdet_CGUF_0008291.jpg,1234,968,1562,1480,328,512
456,foreign_000456.png,GUOBEI_objdet_CGUF_0008291.jpg,575,775,1012,1408,437,633
457,foreign_000457.png,GUOBEI_objdet_CGUF_0008292.jpg,583,1295,1011,1924,428,629
458,foreign_000458.png,GUOBEI_objdet_CGUF_0008292.jpg,1241,1495,1587,2020,346,525
459,foreign_000459.png,GUOBEI_objdet_CGUF_0008293.jpg,603,1831,842,2168,239,337
460,foreign_000460.png,GUOBEI_objdet_CGUF_0008330.jpg,631,0,817,616,186,616
461,foreign_000461.png,GUOBEI_objdet_CGUF_0008331.jpg,583,190,825,1148,242,958
462,foreign_000462.png,GUOBEI_objdet_CGUF_0008332.jpg,578,707,826,1674,248,967
463,foreign_000463.png,GUOBEI_objdet_CGUF_0008333.jpg,597,1238,829,2168,232,930
464,foreign_000464.png,GUOBEI_objdet_CGUF_0008334.jpg,594,1676,775,2168,181,492
